{
  "popularity": {
    "precision@5": 0.0024,
    "recall@5": 0.012,
    "ndcg@5": 0.005779078644553517,
    "map@5": 0.003793333333333333,
    "precision@10": 0.0018700000000000004,
    "recall@10": 0.0187,
    "ndcg@10": 0.007918811679539008,
    "map@10": 0.004661428571428572,
    "precision@20": 0.0017650000000000003,
    "recall@20": 0.0353,
    "ndcg@20": 0.012099669396725918,
    "map@20": 0.005801411602673213,
    "precision@50": 0.001388,
    "recall@50": 0.0694,
    "ndcg@50": 0.018664180113245554,
    "map@50": 0.006770804675235721,
    "coverage": 0.006632029339853301,
    "novelty": 8.336317544068345,
    "n_users_evaluated": 10000
  },
  "cooccurrence": {
    "precision@5": 0.01268,
    "recall@5": 0.0634,
    "ndcg@5": 0.041630346131312466,
    "map@5": 0.0345,
    "precision@10": 0.010020000000000001,
    "recall@10": 0.1002,
    "ndcg@10": 0.053452878329049124,
    "map@10": 0.03933476190476191,
    "precision@20": 0.00791,
    "recall@20": 0.1582,
    "ndcg@20": 0.06804890702786343,
    "map@20": 0.04330512456841404,
    "precision@50": 0.005316,
    "recall@50": 0.2658,
    "ndcg@50": 0.08932605514180941,
    "map@50": 0.04669189895373657,
    "coverage": 0.15540953545232275,
    "novelty": 6.914546448377447,
    "n_users_evaluated": 10000
  },
  "als": {
    "precision@5": 0.008680000000000002,
    "recall@5": 0.0434,
    "ndcg@5": 0.026115299387943457,
    "map@5": 0.020476666666666664,
    "precision@10": 0.00799,
    "recall@10": 0.0799,
    "ndcg@10": 0.037815644530634754,
    "map@10": 0.02524611111111111,
    "precision@20": 0.0071600000000000006,
    "recall@20": 0.1432,
    "ndcg@20": 0.0536637749930561,
    "map@20": 0.02951422386351179,
    "precision@50": 0.0055520000000000005,
    "recall@50": 0.2776,
    "ndcg@50": 0.08013242948301817,
    "map@50": 0.03368111422020295,
    "coverage": 0.17976772616136918,
    "novelty": 7.448778603115193,
    "n_users_evaluated": 10000
  },
  "full_pipeline": {
    "precision@5": 0.01524,
    "recall@5": 0.0762,
    "ndcg@5": 0.05007674310406399,
    "map@5": 0.041545,
    "precision@10": 0.01247,
    "recall@10": 0.1247,
    "ndcg@10": 0.0657170908860188,
    "map@10": 0.047975317460317454,
    "precision@20": 0.009990000000000002,
    "recall@20": 0.1998,
    "ndcg@20": 0.08456479227068874,
    "map@20": 0.05307352809686014,
    "precision@50": 0.006804000000000001,
    "recall@50": 0.3402,
    "ndcg@50": 0.11231157305363572,
    "map@50": 0.05748078722684478,
    "coverage": 0.1840158924205379,
    "novelty": 7.381743922597306,
    "n_users_evaluated": 10000,
    "latency_ms_per_user": 1.5606892824172973
  },
  "sampled_99_negatives": {
    "random": {
      "protocol": "sampled-99-negs",
      "n_users": 10000,
      "hr@1": 0.0096,
      "ndcg@1": 0.0096,
      "hr@5": 0.0499,
      "ndcg@5": 0.029476474368896253,
      "hr@10": 0.0971,
      "ndcg@10": 0.044463275284543004,
      "hr@20": 0.1977,
      "ndcg@20": 0.06948447468665644,
      "mrr@100": 0.05137020537537802
    },
    "popularity": {
      "protocol": "sampled-99-negs",
      "n_users": 10000,
      "hr@1": 0.1854,
      "ndcg@1": 0.1854,
      "hr@5": 0.4782,
      "ndcg@5": 0.33601466581458844,
      "hr@10": 0.6516,
      "ndcg@10": 0.39213800628592216,
      "hr@20": 0.8239,
      "ndcg@20": 0.43586577837117346,
      "mrr@100": 0.32997561325276387
    },
    "cooccurrence": {
      "protocol": "sampled-99-negs",
      "n_users": 10000,
      "hr@1": 0.5407,
      "ndcg@1": 0.5407,
      "hr@5": 0.9473,
      "ndcg@5": 0.760473263867152,
      "hr@10": 0.998,
      "ndcg@10": 0.7775174692873817,
      "hr@20": 1.0,
      "ndcg@20": 0.778066114759888,
      "mrr@100": 0.7055572075147074
    },
    "als": {
      "protocol": "sampled-99-negs",
      "n_users": 10000,
      "hr@1": 0.5603,
      "ndcg@1": 0.5603,
      "hr@5": 0.8941,
      "ndcg@5": 0.7460259977246462,
      "hr@10": 0.9482,
      "ndcg@10": 0.7638505900860644,
      "hr@20": 0.9683,
      "ndcg@20": 0.7690337430578656,
      "mrr@100": 0.7056007573728251
    },
    "full_pipeline": {
      "protocol": "sampled-99-negs",
      "n_users": 10000,
      "hr@1": 0.6228,
      "ndcg@1": 0.6228,
      "hr@5": 0.8153,
      "ndcg@5": 0.7261697096632613,
      "hr@10": 0.8765,
      "ndcg@10": 0.745989430345625,
      "hr@20": 0.9296,
      "ndcg@20": 0.7595171308663488,
      "mrr@100": 0.7101943781726993
    }
  }
}